sku,mae_xgb_ext,mape_xgb_ext,mae_rf_ext,mape_rf_ext
SKU_A,11.29077531147541,8.030692856344332,10.368390890526031,7.429442327797832
SKU_B,6.002710508196723,7.458201614123902,6.627537682869277,8.227775685876319
SKU_C,8.159923540983606,6.487388906501078,7.000576321370615,5.74266023914856
SKU_D,6.013637754098361,5.968955935141931,6.157689892800785,6.129935469114153
SKU_E,6.393012901639345,6.604550457794753,6.273136064738671,6.473047592004727
